{"cameraMode":{"drawMode":0,"name":"Shaded","section":"Shading Mode"},"sceneLighting":false,"audioPlay":false,"sceneViewState":{"showFog":true,"showMaterialUpdate":false,"showSkybox":true,"showFlares":true,"showImageEffects":true,"showParticleSystems":true},"in2DMode":false,"pivot":{"x":-8.0,"y":0.2500001788139343,"z":-2.9802322387695315e-8},"rotation":{"x":-0.27540454268455508,"y":0.0025754093658179046,"z":-0.0007385063800029457,"w":-0.9613247513771057},"size":1.2016116380691529,"orthographic":false}