{"cameraMode":{"drawMode":0,"name":"Shaded","section":"Shading Mode"},"sceneLighting":false,"audioPlay":false,"sceneViewState":{"showFog":true,"showMaterialUpdate":false,"showSkybox":true,"showFlares":true,"showImageEffects":true,"showParticleSystems":true},"in2DMode":false,"pivot":{"x":8.426448822021485,"y":-35.22361373901367,"z":44.62230682373047},"rotation":{"x":-0.3540343642234802,"y":-0.04907424375414848,"z":0.018603740260004998,"w":-0.9337587356567383},"size":79.56363677978516,"orthographic":false}