{"cameraMode":{"drawMode":0,"name":"Shaded","section":"Shading Mode"},"sceneLighting":true,"audioPlay":false,"sceneViewState":{"showFog":true,"showMaterialUpdate":false,"showSkybox":true,"showFlares":true,"showImageEffects":true,"showParticleSystems":true},"in2DMode":false,"pivot":{"x":-0.5116240978240967,"y":19.61498260498047,"z":2.217672348022461},"rotation":{"x":-0.2449941635131836,"y":-0.04708682745695114,"z":0.01191294938325882,"w":-0.9683071970939636},"size":33.08859634399414,"orthographic":false}