{"cameraMode":{"drawMode":0,"name":"Shaded","section":"Shading Mode"},"sceneLighting":false,"audioPlay":false,"sceneViewState":{"showFog":true,"showMaterialUpdate":false,"showSkybox":true,"showFlares":true,"showImageEffects":true,"showParticleSystems":true},"in2DMode":false,"pivot":{"x":18.989999771118165,"y":2.5277037620544435,"z":7.4068379402160648},"rotation":{"x":0.2935170829296112,"y":-0.004298928193747997,"z":0.001321116229519248,"w":0.9559432864189148},"size":9.901479721069336,"orthographic":false}