{"cameraMode":{"drawMode":0,"name":"Shaded","section":"Shading Mode"},"sceneLighting":false,"audioPlay":false,"sceneViewState":{"showFog":true,"showMaterialUpdate":false,"showSkybox":true,"showFlares":true,"showImageEffects":true,"showParticleSystems":true},"in2DMode":false,"pivot":{"x":4.048840522766113,"y":1.5177807807922364,"z":1.5357911586761475},"rotation":{"x":-0.0889010801911354,"y":-0.24337169528007508,"z":0.022407278418540956,"w":-0.9655903577804565},"size":5.514501571655273,"orthographic":false}